ID,Domain
3846,Techniques
3847,Tools
3848,Techniques
3849,Techniques
3850,Tools
3851,Tools
3852,Techniques
3853,Tools
3854,Tools
3855,Techniques
3856,Techniques
3857,Tools
3858,Techniques
3859,Techniques
3860,Techniques
3861,Career
3862,Tools
3863,Techniques
3864,Tools
3865,Techniques
3866,Career
3867,Other
3868,Techniques
3869,Tools
3870,Tools
3871,Techniques
3872,Tools
3873,Career
3874,Techniques
3875,Techniques
3876,Techniques
3877,Techniques
3878,Tools
3879,Techniques
3880,Techniques
3881,Techniques
3882,Tools
3883,Techniques
3884,Techniques
3885,Techniques
3886,Techniques
3887,Techniques
3888,Techniques
3889,Techniques
3890,Tools
3891,Techniques
3892,Techniques
3893,Hackathons
3894,Techniques
3895,Techniques
3896,Tools
3897,Tools
3898,Hackathons
3899,Career
3900,Tools
3901,Career
3902,Techniques
3903,Tools
3904,Tools
3905,Tools
3906,Techniques
3907,Tools
3908,Techniques
3909,Techniques
3910,Techniques
3911,Tools
3912,Techniques
3913,Techniques
3914,Tools
3915,Tools
3916,Tools
3917,Tools
3918,Techniques
3919,Tools
3920,Techniques
3921,Hackathons
3922,Techniques
3923,Tools
3924,Tools
3925,Techniques
3926,Techniques
3927,Techniques
3928,Tools
3929,Techniques
3930,Techniques
3931,Tools
3932,Techniques
3933,Techniques
3934,Techniques
3935,Techniques
3936,Tools
3937,Techniques
3938,Tools
3939,Tools
3940,Techniques
3941,Techniques
3942,Techniques
3943,Career
3944,Tools
3945,Techniques
3946,Techniques
3947,Techniques
3948,Tools
3949,Techniques
3950,Techniques
3951,Tools
3952,Tools
3953,Tools
3954,Techniques
3955,Hackathons
3956,Techniques
3957,Career
3958,Techniques
3959,Techniques
3960,Techniques
3961,Career
3962,Techniques
3963,Techniques
3964,Techniques
3965,Techniques
3966,Tools
3967,Tools
3968,Techniques
3969,Techniques
3970,Career
3971,Techniques
3972,Techniques
3973,Techniques
3974,Techniques
3975,Tools
3976,Techniques
3977,Techniques
3978,Techniques
3979,Techniques
3980,Tools
3981,Techniques
3982,Tools
3983,Techniques
3984,Techniques
3985,Techniques
3986,Techniques
3987,Techniques
3988,Techniques
3989,Techniques
3990,Techniques
3991,Tools
3992,Hackathons
3993,Techniques
3994,Techniques
3995,Techniques
3996,Techniques
3997,Techniques
3998,Tools
3999,Tools
4000,Techniques
4001,Tools
4002,Tools
4003,Career
4004,Techniques
4005,Techniques
4006,Techniques
4007,Techniques
4008,Techniques
4009,Tools
4010,Techniques
4011,Techniques
4012,Career
4013,Techniques
4014,Techniques
4015,Techniques
4016,Techniques
4017,Career
4018,Tools
4019,Tools
4020,Techniques
4021,Tools
4022,Techniques
4023,Techniques
4024,Techniques
4025,Techniques
4026,Career
4027,Misc
4028,Techniques
4029,Hackathons
4030,Techniques
4031,Techniques
4032,Techniques
4033,Tools
4034,Techniques
4035,Techniques
4036,Techniques
4037,Techniques
4038,Techniques
4039,Techniques
4040,Techniques
4041,Techniques
4042,Tools
4043,Techniques
4044,Tools
4045,Techniques
4046,Techniques
4047,Techniques
4048,Tools
4049,Techniques
4050,Techniques
4051,Techniques
4052,Techniques
4053,Career
4054,Techniques
4055,Tools
4056,Techniques
4057,Techniques
4058,Techniques
4059,Techniques
4060,Techniques
4061,Resources
4062,Tools
4063,Tools
4064,Techniques
4065,Techniques
4066,Hackathons
4067,Tools
4068,Techniques
4069,Career
4070,Techniques
4071,Techniques
4072,Techniques
4073,Tools
4074,Techniques
4075,Techniques
4076,Tools
4077,Techniques
4078,Tools
4079,Techniques
4080,Techniques
4081,Career
4082,Techniques
4083,Techniques
4084,Career
4085,Techniques
4086,Techniques
4087,Tools
4088,Resources
4089,Techniques
4090,Techniques
4091,Techniques
4092,Techniques
4093,Tools
4094,Tools
4095,Tools
4096,Techniques
4097,Tools
4098,Tools
4099,Techniques
4100,Career
4101,Techniques
4102,Tools
4103,Techniques
4104,Career
4105,Resources
4106,Tools
4107,Career
4108,Techniques
4109,Techniques
4110,Techniques
4111,Tools
4112,Techniques
4113,Techniques
4114,Techniques
4115,Techniques
4116,Techniques
4117,Tools
4118,Tools
4119,Tools
4120,Techniques
4121,Techniques
4122,Techniques
4123,Career
4124,Techniques
4125,Tools
4126,Career
4127,Techniques
4128,Tools
4129,Tools
4130,Techniques
4131,Resources
4132,Techniques
4133,Career
4134,Techniques
4135,Career
4136,Career
4137,Career
4138,Tools
4139,Tools
4140,Tools
4141,Techniques
4142,Techniques
4143,Techniques
4144,Career
4145,Techniques
4146,Techniques
4147,Hackathons
4148,Tools
4149,Techniques
4150,Techniques
4151,Techniques
4152,Tools
4153,Tools
4154,Techniques
4155,Tools
4156,Techniques
4157,Techniques
4158,Tools
4159,Techniques
4160,Techniques
4161,Tools
4162,Techniques
4163,Techniques
4164,Techniques
4165,Tools
4166,Techniques
4167,Hackathons
4168,Techniques
4169,Techniques
4170,Techniques
4171,Resources
4172,Tools
4173,Tools
4174,Tools
4175,Techniques
4176,Techniques
4177,Tools
4178,Tools
4179,Hackathons
4180,Techniques
4181,Techniques
4182,Techniques
4183,Tools
4184,Career
4185,Other
4186,Techniques
4187,Hackathons
4188,Tools
4189,Techniques
4190,Techniques
4191,Techniques
4192,Techniques
4193,Techniques
4194,Techniques
4195,Hackathons
4196,Techniques
4197,Techniques
4198,Techniques
4199,Tools
4200,Other
4201,Techniques
4202,Techniques
4203,Techniques
4204,Techniques
4205,Hackathons
4206,Techniques
4207,Tools
4208,Hackathons
4209,Tools
4210,Techniques
4211,Techniques
4212,Hackathons
4213,Techniques
4214,Techniques
4215,Techniques
4216,Tools
4217,Tools
4218,Tools
4219,Career
4220,Tools
4221,Tools
4222,Career
4223,Techniques
4224,Techniques
4225,Techniques
4226,Tools
4227,Tools
4228,Career
4229,Techniques
4230,Techniques
4231,Techniques
4232,Tools
4233,Resources
4234,Techniques
4235,Techniques
4236,Techniques
4237,Techniques
4238,Techniques
4239,Techniques
4240,Hackathons
4241,Techniques
4242,Tools
4243,Career
4244,Techniques
4245,Tools
4246,Techniques
4247,Techniques
4248,Career
4249,Techniques
4250,Techniques
4251,Techniques
4252,Techniques
4253,Techniques
4254,Techniques
4255,Tools
4256,Career
4257,Hackathons
4258,Career
4259,Techniques
4260,Techniques
4261,Techniques
4262,Career
4263,Tools
4264,Techniques
4265,Techniques
4266,Tools
4267,Techniques
4268,Career
4269,Tools
4270,Tools
4271,Techniques
4272,Techniques
4273,Hackathons
4274,Techniques
4275,Techniques
4276,Tools
4277,Tools
4278,Career
4279,Resources
4280,Hackathons
4281,Techniques
4282,Techniques
4283,Tools
4284,Techniques
4285,Resources
4286,Techniques
4287,Techniques
4288,Techniques
4289,Techniques
4290,Techniques
4291,Techniques
4292,Techniques
4293,Resources
4294,Techniques
4295,Techniques
4296,Career
4297,Techniques
4298,Techniques
4299,Techniques
4300,Tools
4301,Tools
4302,Techniques
4303,Tools
4304,Techniques
4305,Techniques
4306,Career
4307,Techniques
4308,Techniques
4309,Techniques
4310,Hackathons
4311,Other
4312,Techniques
4313,Techniques
4314,Techniques
4315,Techniques
4316,Techniques
4317,Techniques
4318,Hackathons
4319,Tools
4320,Tools
4321,Career
4322,Techniques
4323,Tools
4324,Techniques
4325,Tools
4326,Techniques
4327,Techniques
4328,Techniques
4329,Tools
4330,Tools
4331,Techniques
4332,Hackathons
4333,Career
4334,Career
4335,Tools
4336,Tools
4337,Tools
4338,Tools
4339,Career
4340,Techniques
4341,Tools
4342,Techniques
4343,Techniques
4344,Hackathons
4345,Techniques
4346,Tools
4347,Techniques
4348,Tools
4349,Tools
4350,Techniques
4351,Techniques
4352,Career
4353,Tools
4354,Techniques
4355,Techniques
4356,Techniques
4357,Techniques
4358,Techniques
4359,Techniques
4360,Techniques
4361,Tools
4362,Hackathons
4363,Techniques
4364,Techniques
4365,Techniques
4366,Career
4367,Techniques
4368,Career
4369,Techniques
4370,Tools
4371,Tools
4372,Techniques
4373,Techniques
4374,Career
4375,Tools
4376,Tools
4377,Techniques
4378,Career
4379,Techniques
4380,Techniques
4381,Techniques
4382,Career
4383,Tools
4384,Techniques
4385,Techniques
4386,Career
4387,Techniques
4388,Techniques
4389,Tools
4390,Career
4391,Career
4392,Techniques
4393,Tools
4394,Techniques
4395,Techniques
4396,Tools
4397,Techniques
4398,Tools
4399,Tools
4400,Hackathons
4401,Techniques
4402,Tools
4403,Techniques
4404,Other
4405,Techniques
4406,Techniques
4407,Techniques
4408,Techniques
4409,Techniques
4410,Tools
4411,Techniques
4412,Techniques
4413,Tools
4414,Tools
4415,Techniques
4416,Techniques
4417,Career
4418,Techniques
4419,Techniques
4420,Techniques
4421,Hackathons
4422,Hackathons
4423,Techniques
4424,Techniques
4425,Career
4426,Career
4427,Career
4428,Techniques
4429,Techniques
4430,Career
4431,Techniques
4432,Tools
4433,Techniques
4434,Techniques
4435,Techniques
4436,Techniques
4437,Techniques
4438,Tools
4439,Techniques
4440,Techniques
4441,Tools
4442,Career
4443,Tools
4444,Career
4445,Tools
4446,Techniques
4447,Techniques
4448,Techniques
4449,Techniques
4450,Techniques
4451,Career
4452,Techniques
4453,Techniques
4454,Resources
4455,Techniques
4456,Tools
4457,Career
4458,Techniques
4459,Techniques
4460,Tools
4461,Techniques
4462,Career
4463,Techniques
4464,Techniques
4465,Techniques
4466,Tools
4467,Tools
4468,Tools
4469,Techniques
4470,Techniques
4471,Tools
4472,Techniques
4473,Career
4474,Techniques
4475,Techniques
4476,Tools
4477,Techniques
4478,Techniques
4479,Techniques
4480,Techniques
4481,Tools
4482,Techniques
4483,Hackathons
4484,Techniques
4485,Techniques
4486,Techniques
4487,Tools
4488,Techniques
4489,Career
4490,Techniques
4491,Techniques
4492,Tools
4493,Techniques
4494,Tools
4495,Career
4496,Techniques
4497,Techniques
4498,Techniques
4499,Techniques
4500,Techniques
4501,Career
4502,Career
4503,Techniques
4504,Career
4505,Techniques
4506,Techniques
4507,Tools
4508,Career
4509,Techniques
4510,Tools
4511,Techniques
4512,Tools
4513,Career
4514,Techniques
4515,Techniques
4516,Techniques
4517,Tools
4518,Techniques
4519,Hackathons
4520,Techniques
4521,Techniques
4522,Career
4523,Career
4524,Tools
4525,Techniques
4526,Career
4527,Techniques
4528,Techniques
4529,Techniques
4530,Techniques
4531,Techniques
4532,Techniques
4533,Techniques
4534,Techniques
4535,Techniques
4536,Tools
4537,Techniques
4538,Tools
4539,Career
4540,Techniques
4541,Techniques
4542,Tools
4543,Techniques
4544,Techniques
4545,Techniques
4546,Career
4547,Techniques
4548,Techniques
4549,Tools
4550,Techniques
4551,Other
4552,Resources
4553,Career
4554,Tools
4555,Techniques
4556,Career
4557,Techniques
4558,Tools
4559,Career
4560,Techniques
4561,Tools
4562,Techniques
4563,Tools
4564,Tools
4565,Tools
4566,Techniques
4567,Career
4568,Tools
4569,Tools
4570,Techniques
4571,Tools
4572,Techniques
4573,Techniques
4574,Career
4575,Techniques
4576,Tools
4577,Hackathons
4578,Techniques
4579,Techniques
4580,Career
4581,Techniques
4582,Techniques
4583,Techniques
4584,Career
4585,Hackathons
4586,Techniques
4587,Tools
4588,Techniques
4589,Techniques
4590,Career
4591,Techniques
4592,Career
4593,Techniques
4594,Tools
4595,Tools
4596,Techniques
4597,Techniques
4598,Techniques
4599,Techniques
4600,Techniques
4601,Tools
4602,Techniques
4603,Resources
4604,Techniques
4605,Techniques
4606,Career
4607,Techniques
4608,Career
4609,Hackathons
4610,Techniques
4611,Techniques
4612,Techniques
4613,Techniques
4614,Techniques
4615,Techniques
4616,Techniques
4617,Tools
4618,Techniques
4619,Career
4620,Career
4621,Tools
4622,Techniques
4623,Techniques
4624,Hackathons
4625,Techniques
4626,Techniques
4627,Techniques
4628,Tools
4629,Techniques
4630,Techniques
4631,Techniques
4632,Tools
4633,Tools
4634,Career
4635,Techniques
4636,Tools
4637,Techniques
4638,Hackathons
4639,Career
4640,Career
4641,Techniques
4642,Techniques
4643,Tools
4644,Hackathons
4645,Techniques
4646,Techniques
4647,Career
4648,Tools
4649,Techniques
4650,Hackathons
4651,Techniques
4652,Techniques
4653,Techniques
4654,Tools
4655,Techniques
4656,Techniques
4657,Techniques
4658,Techniques
4659,Techniques
4660,Techniques
4661,Techniques
4662,Techniques
4663,Tools
4664,Techniques
4665,Career
4666,Techniques
4667,Hackathons
4668,Career
4669,Techniques
4670,Tools
4671,Techniques
4672,Techniques
4673,Techniques
4674,Techniques
4675,Techniques
4676,Hackathons
4677,Techniques
4678,Techniques
4679,Techniques
4680,Techniques
4681,Career
4682,Hackathons
4683,Techniques
4684,Techniques
4685,Career
4686,Tools
4687,Techniques
4688,Techniques
4689,Techniques
4690,Career
4691,Techniques
4692,Tools
4693,Techniques
4694,Techniques
4695,Techniques
4696,Tools
4697,Techniques
4698,Techniques
4699,Techniques
4700,Techniques
4701,Techniques
4702,Tools
4703,Resources
4704,Career
4705,Career
4706,Career
4707,Techniques
4708,Career
4709,Career
4710,Other
4711,Techniques
4712,Techniques
4713,Techniques
4714,Tools
4715,Techniques
4716,Tools
4717,Techniques
4718,Techniques
4719,Tools
4720,Techniques
4721,Career
4722,Techniques
4723,Techniques
4724,Tools
4725,Career
4726,Tools
4727,Techniques
4728,Techniques
4729,Techniques
4730,Techniques
4731,Techniques
4732,Techniques
4733,Techniques
4734,Tools
4735,Techniques
4736,Techniques
4737,Techniques
4738,Techniques
4739,Techniques
4740,Resources
4741,Techniques
4742,Techniques
4743,Techniques
4744,Techniques
4745,Techniques
4746,Hackathons
4747,Career
4748,Techniques
4749,Techniques
4750,Techniques
4751,Techniques
4752,Techniques
4753,Career
4754,Resources
4755,Techniques
4756,Techniques
4757,Hackathons
4758,Tools
4759,Techniques
4760,Tools
4761,Tools
4762,Techniques
4763,Techniques
4764,Techniques
4765,Techniques
4766,Techniques
4767,Tools
4768,Techniques
4769,Techniques
4770,Techniques
4771,Hackathons
4772,Techniques
4773,Tools
4774,Techniques
4775,Techniques
4776,Career
4777,Tools
4778,Techniques
4779,Techniques
4780,Tools
4781,Techniques
4782,Techniques
4783,Techniques
4784,Techniques
4785,Tools
4786,Techniques
4787,Techniques
4788,Techniques
4789,Techniques
4790,Techniques
4791,Resources
4792,Techniques
4793,Techniques
4794,Tools
4795,Other
4796,Hackathons
4797,Techniques
4798,Techniques
4799,Techniques
4800,Techniques
4801,Techniques
4802,Techniques
4803,Techniques
4804,Tools
4805,Techniques
4806,Techniques
4807,Techniques
4808,Other
4809,Techniques
4810,Tools
4811,Techniques
4812,Techniques
4813,Career
4814,Techniques
4815,Techniques
4816,Tools
4817,Tools
4818,Tools
4819,Techniques
4820,Techniques
4821,Techniques
4822,Career
4823,Techniques
4824,Career
4825,Techniques
4826,Techniques
4827,Techniques
4828,Tools
4829,Techniques
4830,Techniques
4831,Tools
4832,Techniques
4833,Techniques
4834,Tools
4835,Tools
4836,Techniques
4837,Tools
4838,Techniques
4839,Techniques
4840,Techniques
4841,Career
4842,Techniques
4843,Techniques
4844,Techniques
4845,Techniques
4846,Techniques
4847,Techniques
4848,Tools
4849,Tools
4850,Techniques
4851,Tools
4852,Techniques
4853,Techniques
4854,Hackathons
4855,Tools
4856,Techniques
4857,Tools
4858,Tools
4859,Techniques
4860,Techniques
4861,Techniques
4862,Career
4863,Techniques
4864,Techniques
4865,Tools
4866,Tools
4867,Career
4868,Hackathons
4869,Techniques
4870,Techniques
4871,Techniques
4872,Techniques
4873,Techniques
4874,Tools
4875,Techniques
4876,Tools
4877,Career
4878,Techniques
4879,Resources
4880,Tools
4881,Career
4882,Techniques
4883,Hackathons
4884,Techniques
4885,Techniques
4886,Techniques
4887,Techniques
4888,Techniques
4889,Career
4890,Techniques
4891,Techniques
4892,Hackathons
4893,Techniques
4894,Techniques
4895,Career
4896,Tools
4897,Career
4898,Techniques
4899,Tools
4900,Techniques
4901,Career
4902,Techniques
4903,Tools
4904,Techniques
4905,Techniques
4906,Career
4907,Techniques
4908,Techniques
4909,Techniques
4910,Techniques
4911,Techniques
4912,Techniques
4913,Techniques
4914,Techniques
4915,Career
4916,Tools
4917,Tools
4918,Techniques
4919,Techniques
4920,Tools
4921,Tools
4922,Career
4923,Techniques
4924,Tools
4925,Techniques
4926,Techniques
4927,Techniques
4928,Techniques
4929,Tools
4930,Techniques
4931,Tools
4932,Hackathons
4933,Techniques
4934,Resources
4935,Techniques
4936,Techniques
4937,Techniques
4938,Career
4939,Techniques
4940,Career
4941,Techniques
4942,Techniques
4943,Techniques
4944,Techniques
4945,Tools
4946,Tools
4947,Techniques
4948,Tools
4949,Tools
4950,Techniques
4951,Techniques
4952,Tools
4953,Techniques
4954,Techniques
4955,Techniques
4956,Techniques
4957,Techniques
4958,Techniques
4959,Techniques
4960,Techniques
4961,Tools
4962,Techniques
4963,Hackathons
4964,Techniques
4965,Tools
4966,Tools
4967,Techniques
4968,Techniques
4969,Techniques
4970,Techniques
4971,Techniques
4972,Tools
4973,Techniques
4974,Techniques
4975,Techniques
4976,Techniques
4977,Techniques
4978,Hackathons
4979,Career
4980,Techniques
4981,Techniques
4982,Techniques
4983,Tools
4984,Techniques
4985,Tools
4986,Techniques
4987,Techniques
4988,Career
4989,Tools
4990,Tools
4991,Techniques
4992,Techniques
4993,Techniques
4994,Tools
4995,Tools
4996,Career
4997,Techniques
4998,Hackathons
4999,Tools
5000,Techniques
5001,Career
5002,Tools
5003,Techniques
5004,Techniques
5005,Techniques
5006,Techniques
5007,Techniques
5008,Techniques
5009,Techniques
5010,Techniques
5011,Techniques
5012,Techniques
5013,Techniques
5014,Techniques
5015,Techniques
5016,Tools
5017,Techniques
5018,Tools
5019,Tools
5020,Techniques
5021,Other
5022,Hackathons
5023,Techniques
5024,Tools
5025,Techniques
5026,Tools
5027,Hackathons
5028,Techniques
5029,Tools
5030,Techniques
5031,Tools
5032,Techniques
5033,Career
5034,Techniques
5035,Tools
5036,Tools
5037,Techniques
5038,Techniques
5039,Techniques
5040,Tools
5041,Tools
5042,Techniques
5043,Techniques
5044,Tools
5045,Techniques
5046,Tools
5047,Techniques
5048,Techniques
5049,Techniques
5050,Techniques
5051,Techniques
5052,Techniques
5053,Techniques
5054,Tools
5055,Tools
5056,Techniques
5057,Techniques
5058,Tools
5059,Techniques
5060,Tools
5061,Career
5062,Techniques
5063,Techniques
5064,Techniques
5065,Tools
5066,Techniques
5067,Tools
5068,Career
5069,Techniques
5070,Techniques
5071,Techniques
5072,Techniques
5073,Tools
5074,Techniques
5075,Techniques
5076,Techniques
5077,Techniques
5078,Techniques
5079,Career
5080,Tools
5081,Hackathons
5082,Techniques
5083,Tools
5084,Career
5085,Tools
5086,Techniques
5087,Career
5088,Techniques
5089,Tools
5090,Techniques
5091,Career
5092,Techniques
5093,Techniques
5094,Techniques
5095,Techniques
5096,Hackathons
5097,Techniques
5098,Career
5099,Tools
5100,Tools
5101,Hackathons
5102,Tools
5103,Techniques
5104,Tools
5105,Tools
5106,Career
5107,Techniques
5108,Techniques
5109,Tools
5110,Techniques
5111,Career
5112,Techniques
5113,Techniques
5114,Techniques
5115,Tools
5116,Tools
5117,Resources
5118,Career
5119,Techniques
5120,Tools
5121,Hackathons
5122,Techniques
5123,Career
5124,Techniques
5125,Techniques
5126,Techniques
5127,Techniques
5128,Techniques
5129,Techniques
5130,Techniques
5131,Techniques
5132,Techniques
5133,Techniques
5134,Techniques
5135,Techniques
5136,Tools
5137,Techniques
5138,Techniques
5139,Techniques
5140,Career
5141,Techniques
5142,Resources
5143,Techniques
5144,Techniques
5145,Techniques
5146,Career
5147,Techniques
5148,Techniques
5149,Career
5150,Techniques
5151,Techniques
5152,Techniques
5153,Career
5154,Techniques
5155,Techniques
5156,Tools
5157,Hackathons
5158,Techniques
5159,Techniques
5160,Tools
5161,Career
5162,Tools
5163,Tools
5164,Techniques
5165,Techniques
5166,Tools
5167,Techniques
5168,Techniques
5169,Hackathons
5170,Tools
5171,Techniques
5172,Techniques
5173,Tools
5174,Tools
5175,Career
5176,Techniques
5177,Techniques
5178,Tools
5179,Techniques
5180,Techniques
5181,Career
5182,Techniques
5183,Techniques
5184,Career
5185,Techniques
5186,Career
5187,Tools
5188,Techniques
5189,Tools
5190,Techniques
5191,Tools
5192,Techniques
5193,Techniques
5194,Tools
5195,Techniques
5196,Techniques
5197,Hackathons
5198,Techniques
5199,Techniques
5200,Tools
5201,Techniques
5202,Tools
5203,Tools
5204,Resources
5205,Techniques
5206,Tools
5207,Tools
5208,Techniques
5209,Career
5210,Techniques
5211,Techniques
5212,Tools
5213,Techniques
5214,Career
5215,Techniques
5216,Techniques
5217,Tools
5218,Techniques
5219,Career
5220,Techniques
5221,Tools
5222,Tools
5223,Techniques
5224,Techniques
5225,Career
5226,Resources
5227,Techniques
5228,Techniques
5229,Techniques
5230,Techniques
5231,Hackathons
5232,Techniques
5233,Career
5234,Tools
5235,Techniques
5236,Techniques
5237,Tools
5238,Techniques
5239,Techniques
5240,Tools
5241,Techniques
5242,Tools
5243,Tools
5244,Techniques
5245,Hackathons
5246,Techniques
5247,Techniques
5248,Techniques
5249,Resources
5250,Tools
5251,Techniques
5252,Techniques
5253,Techniques
5254,Techniques
5255,Tools
5256,Career
5257,Techniques
5258,Techniques
5259,Tools
5260,Tools
5261,Techniques
5262,Techniques
5263,Tools
5264,Techniques
5265,Techniques
5266,Tools
5267,Techniques
5268,Tools
5269,Career
5270,Tools
5271,Techniques
5272,Techniques
5273,Tools
5274,Techniques
5275,Techniques
5276,Techniques
5277,Techniques
5278,Career
5279,Techniques
5280,Techniques
5281,Career
5282,Techniques
5283,Tools
5284,Career
5285,Tools
5286,Techniques
5287,Tools
5288,Techniques
5289,Tools
5290,Tools
5291,Techniques
5292,Techniques
5293,Techniques
5294,Tools
5295,Techniques
5296,Techniques
5297,Techniques
5298,Techniques
5299,Resources
5300,Hackathons
5301,Career
5302,Techniques
5303,Techniques
5304,Techniques
5305,Tools
5306,Techniques
5307,Techniques
5308,Techniques
5309,Techniques
5310,Techniques
5311,Techniques
5312,Techniques
5313,Techniques
5314,Techniques
5315,Techniques
5316,Career
5317,Career
5318,Career
5319,Tools
5320,Techniques
5321,Hackathons
5322,Tools
5323,Techniques
5324,Tools
5325,Career
5326,Techniques
5327,Techniques
5328,Career
5329,Career
5330,Techniques
5331,Techniques
5332,Techniques
5333,Resources
5334,Career
5335,Techniques
5336,Techniques
5337,Techniques
5338,Tools
5339,Tools
5340,Hackathons
5341,Hackathons
5342,Career
5343,Techniques
5344,Techniques
5345,Tools
5346,Techniques
5347,Tools
5348,Techniques
5349,Techniques
5350,Techniques
5351,Techniques
5352,Techniques
5353,Career
5354,Career
5355,Techniques
5356,Tools
5357,Techniques
5358,Techniques
5359,Tools
5360,Tools
5361,Tools
5362,Tools
5363,Techniques
5364,Career
5365,Career
5366,Techniques
5367,Techniques
5368,Tools
5369,Techniques
5370,Tools
5371,Tools
5372,Hackathons
5373,Tools
5374,Techniques
5375,Techniques
5376,Career
5377,Techniques
5378,Career
5379,Tools
5380,Techniques
5381,Hackathons
5382,Techniques
5383,Career
5384,Techniques
5385,Techniques
5386,Techniques
5387,Techniques
5388,Techniques
5389,Techniques
5390,Techniques
5391,Techniques
5392,Tools
5393,Techniques
5394,Tools
5395,Techniques
5396,Techniques
5397,Career
5398,Tools
5399,Techniques
5400,Techniques
5401,Resources
5402,Tools
5403,Techniques
5404,Techniques
5405,Techniques
5406,Techniques
5407,Techniques
5408,Techniques
5409,Tools
5410,Resources
5411,Techniques
5412,Techniques
5413,Career
5414,Techniques
5415,Techniques
5416,Techniques
5417,Hackathons
5418,Techniques
5419,Techniques
5420,Career
5421,Career
5422,Techniques
5423,Tools
5424,Techniques
5425,Techniques
5426,Techniques
5427,Career
5428,Career
5429,Tools
5430,Resources
5431,Tools
5432,Tools
5433,Techniques
5434,Techniques
5435,Career
5436,Tools
5437,Techniques
5438,Career
5439,Techniques
5440,Techniques
5441,Techniques
5442,Tools
5443,Techniques
5444,Techniques
5445,Techniques
5446,Tools
5447,Techniques
5448,Tools
5449,Techniques
5450,Techniques
5451,Career
5452,Techniques
5453,Techniques
5454,Tools
5455,Tools
5456,Techniques
5457,Techniques
5458,Techniques
5459,Tools
5460,Tools
5461,Career
5462,Tools
5463,Career
5464,Techniques
5465,Career
5466,Tools
5467,Tools
5468,Techniques
5469,Career
5470,Techniques
5471,Career
5472,Tools
5473,Techniques
5474,Techniques
5475,Techniques
5476,Techniques
5477,Techniques
5478,Career
5479,Tools
5480,Techniques
5481,Techniques
5482,Career
5483,Techniques
5484,Techniques
5485,Techniques
5486,Tools
5487,Techniques
5488,Techniques
5489,Tools
5490,Techniques
5491,Techniques
5492,Techniques
5493,Techniques
5494,Tools
